gene_id	log2FoldChange	lfcSE	pvalue	padj
gene-LOC105320749|LOC105320749	4.17973509594491			1.74567141447345e-121
gene-LOC105317983|LOC105317983	2.67627761180362			1.85445539567e-23
gene-LOC105345163|LOC105345163	2.04042310989247			0.0138692041009198
gene-LOC105326341|LOC105326341	4.1863624238456			5.44585929244943e-55
gene-LOC105340911|LOC105340911	-2.3890998411617			0.00497826835162359
gene-LOC105337015|LOC105337015	2.06012595771283			9.75359283380674e-13
gene-LOC105322704|LOC105322704	2.90937020379521			2.11525343545843e-05
gene-LOC105328300|LOC105328300	2.13263434256759			0.000195115418667452
gene-LOC105340263|LOC105340263	2.33651721025785			1.53161821577826e-25
gene-LOC105331279|LOC105331279	2.75832208662351			4.33998229538751e-42
gene-LOC105324495|LOC105324495	3.75774806594124			4.83069932933174e-37
gene-LOC117692005|LOC117692005	2.89409880633374			1.49030224133864e-07
gene-LOC117680358|LOC117680358	4.35643378507222			3.07425034171218e-20
gene-LOC105334815|LOC105334815	4.61960065832323			3.58774580132633e-38
gene-LOC105334814|LOC105334814	3.95471333947345			1.65229497158037e-16
gene-LOC117692263|LOC117692263	2.02706539791053			0.00185542215318647
gene-LOC105323879|LOC105323879	2.1498914352396			2.64070616729939e-22
gene-LOC117692266|LOC117692266	2.0435294073677			1.7878371617642e-19
gene-LOC105322681|LOC105322681	3.57253785591086			7.09773336468463e-05
gene-LOC105347278|LOC105347278	3.46656763786611			3.68839494547819e-22
gene-LOC105320148|LOC105320148	3.55502722403299			7.98951057957875e-08
gene-LOC105317679|LOC105317679	2.33349835856283			0.000991686111592187
gene-LOC105345814|LOC105345814	2.21963216413472			2.02802006008406e-20
gene-LOC105340329|LOC105340329	2.47262508175512			4.567364826317e-26
gene-LOC105344779|LOC105344779	2.11460229176746			4.31227705921083e-05
gene-LOC105335447|LOC105335447	2.13528138287217			4.17094724158318e-05
gene-LOC105336296|LOC105336296	3.66159640652736			1.23418455155596e-43
gene-LOC105343860|LOC105343860	3.52891328748402			3.56589203354888e-13
gene-LOC105348808|LOC105348808	5.03000937151162			2.12315847392562e-24
gene-LOC105320699|LOC105320699	5.73518236815088			3.71439591024745e-15
gene-LOC117685400|LOC117685400	5.79183384728526			0.0063346944394992
gene-LOC105346880|LOC105346880	2.50624734797335			5.76759976509422e-14
gene-LOC105322297|LOC105322297	8.7834263585673			0.0280562330206188
gene-LOC105321584|LOC105321584	3.00512075793222			1.50027215271442e-11
gene-LOC105349146|LOC105349146	2.024926234865			6.5909820794513e-06
gene-LOC105348863|LOC105348863	2.14933019589646			5.54096947585783e-12
gene-LOC105321498|LOC105321498	2.04692525154104			2.59453526658906e-16
gene-LOC105334568|LOC105334568	2.36856589335583			2.180729551077e-16
gene-LOC117681842|LOC117681842	2.03565070399841			1.28815192894704e-14
gene-LOC105342144|LOC105342144	2.13126831592448			2.20273140168579e-12
gene-LOC117685485|LOC117685485	2.23856878783245			0.00176823559237374
gene-LOC105348868|LOC105348868	2.26038545860033			8.44717117913663e-29
gene-LOC105324963|LOC105324963	5.61444511778025			0.000169385948532999
gene-LOC117691193|LOC117691193	4.29325118897906			2.10016307625478e-61
gene-LOC105333215|LOC105333215	2.48470512300677			1.11835476338645e-29
gene-LOC105330356|LOC105330356	3.18720486335644			2.9236546628164e-10
gene-LOC105337886|LOC105337886	4.65632051368351			2.22221502801156e-71
gene-LOC105333973|LOC105333973	3.63376459765256			9.15844831531008e-05
gene-LOC105349020|LOC105349020	2.00184065442088			4.2277320110531e-18
gene-LOC105337074|LOC105337074	3.09846577917681			4.68445886591018e-06
gene-LOC105344724|LOC105344724	-2.04920195126501			0.000104792667019389
gene-LOC105347674|LOC105347674	-3.58880503752645			7.10194747303613e-06
gene-LOC105332212|LOC105332212	2.54997364362654			2.27999432740245e-09
gene-LOC105334510|LOC105334510	3.09387431162633			4.88803446361964e-08
gene-LOC105348304|LOC105348304	3.14592640744012			2.60853411611118e-08
gene-LOC105322484|LOC105322484	2.62495388766747			1.80028933703902e-06
gene-LOC117680673|LOC117680673	2.92747722018684			6.72708080256151e-07
gene-LOC105348305|LOC105348305	3.33594648831675			2.54832202522661e-09
gene-LOC105334234|LOC105334234	2.77875392002236			6.88716693637092e-06
gene-LOC105338339|LOC105338339	2.250116706249			3.29123742145081e-12
gene-LOC105324823|LOC105324823	2.01348885282963			0.00533538638446456
gene-LOC105324823|LOC105324823	2.013488853			0.00533539
gene-LOC105323163|LOC105323163	2.0736379001332			0.00335965339829702
gene-LOC105342241|LOC105342241	2.33053753			5.01e-05
gene-LOC105342241|LOC105342241	2.33053753030845			5.01455411057801e-05
gene-LOC105329159|LOC105329159	2.346474157			4.6e-28
gene-LOC105329159|LOC105329159	2.34647415704612			4.59997369281211e-28
gene-LOC105319878|LOC105319878	2.21472579869742			4.37744821355192e-06
gene-LOC105334552|LOC105334552	2.00391961348765			3.92481430217255e-15
gene-LOC105321152|LOC105321152	2.09484778033922			5.801852885517e-10
gene-LOC105332415|LOC105332415	4.09884733423197			1.05562364018613e-13
gene-LOC105322542|LOC105322542	3.57133817454979			1.08704433038258e-20
gene-LOC105317441|LOC105317441	-2.22780429982063			0.00440811004814219
gene-LOC105342075|LOC105342075	-4.69639419147121			0.0153765555445876
gene-LOC105329105|LOC105329105	2.11151846323943			1.20095012900948e-06
gene-LOC105322366|LOC105322366	2.48050603096314			2.51694340404183e-05
gene-LOC105343032|LOC105343032	2.93301839104867			1.37672020640349e-11
gene-LOC105325936|LOC105325936	4.34591227989691			2.10181281536269e-16
gene-LOC105343033|LOC105343033	5.06751177940965			4.90298785288432e-14
gene-LOC105329012|LOC105329012	2.3057351218873			5.75992787233668e-10
gene-LOC105335270|LOC105335270	2.26478602129227			2.67188593087407e-14
gene-LOC105346578|LOC105346578	3.63294237536752			3.93481637759661e-05
gene-LOC105328317|LOC105328317	-2.92859653451471			0.0200298787890891
gene-LOC105343632|LOC105343632	3.01072546386634			1.80028933703902e-06
gene-LOC117683148|LOC117683148	7.73678343369263			1.17713318649768e-08
gene-LOC105321656|LOC105321656	2.99705738675767			1.24950163961949e-33
gene-LOC117687694|LOC117687694	4.68736392258785			0.00396519777494743
gene-LOC105330217|LOC105330217	-2.17249218751671			0.00778872549354716
gene-LOC105327891|LOC105327891	5.10685315215351			0.00102112048469953
gene-LOC105327371|LOC105327371	5.93518375287367			6.74495895638578e-05
gene-LOC105342406|LOC105342406	-3.32383168320615			3.16180034759838e-07
gene-LOC105346177|LOC105346177	7.43096220360296			1.55154239513516e-07
gene-LOC105336251|LOC105336251	2.0620693555242			0.000245859656598984
gene-LOC105326021|LOC105326021	2.35409131924618			1.26772600011631e-05
gene-LOC105334885|LOC105334885	6.21931369363502			2.72435001071458e-05
gene-LOC117692892|LOC117692892	-6.0458400732316			0.00152198490773883
gene-LOC109619752|LOC109619752	4.19255998190502			2.56969060993422e-09
gene-LOC117692432|LOC117692432	-2.02606971867689			0.0154355023535759
gene-LOC117690701|LOC117690701	2.57780746588211			6.95181496683512e-17
gene-LOC105321257|LOC105321257	4.93388501694643			1.05607998442928e-40
gene-LOC105328851|LOC105328851	9.50175898881619			7.72063318077316e-13
gene-LOC105322094|LOC105322094	2.09737043974207			6.03401038427493e-11
gene-LOC105334196|LOC105334196	2.19621722204076			1.26760395623096e-13
gene-LOC117691189|LOC117691189	2.0010659538993			7.48852475808185e-09
gene-LOC117692603|LOC117692603	2.1778457742783			6.32978982382906e-12
gene-LOC117692604|LOC117692604	2.24892359522901			3.8655684395018e-13
gene-LOC117684394|LOC117684394	2.0715249865038			4.97152553268663e-16
gene-LOC105328917|LOC105328917	3.60006716949792			3.91682827666274e-58
gene-LOC105342064|LOC105342064	-2.50187943789872			0.0154315358136652
gene-LOC117690579|LOC117690579	-2.21550312298909			0.0478686979696627
gene-LOC105328298|LOC105328298	-2.33836700558543			1.37573240427501e-08
gene-LOC105319208|LOC105319208	3.13295798028713			7.09195209421233e-28
gene-LOC105334015|LOC105334015	4.74134697782679			3.64496549620001e-17
gene-LOC117689189|LOC117689189	3.02468464937508			9.29748721700472e-35
gene-LOC105331780|LOC105331780	4.15624603409536			0.0222794768360325
gene-LOC117681810|LOC117681810	2.28239124361959			0.00170374712510503
gene-LOC105324717|LOC105324717	-2.09344598724011			0.00555548184855976
gene-LOC117692240|LOC117692240	-2.12339435782859			0.0104596417095673
gene-LOC105337716|LOC105337716	3.50340403346852			1.52677889843567e-27
gene-LOC105345571|LOC105345571	2.29478594133765			3.58709783808748e-08
gene-LOC105347244|LOC105347244	2.45978572373606			6.38386486399307e-27
gene-LOC117690880|LOC117690880	2.69207320222869			3.55210119877582e-23
gene-LOC105318026|LOC105318026	3.38710524784045			1.06797713259192e-09
gene-LOC105331186|LOC105331186	-2.36396467269362			0.0189035476618647
gene-LOC117684979|LOC117684979	-2.20840224924046			0.0490078436275186
gene-LOC105346234|LOC105346234	2.63251722208998			7.41754821827762e-08
gene-LOC105346235|LOC105346235	2.90613585442854			1.85998638063274e-06
gene-LOC105335333|LOC105335333	2.75127261673373			1.81965540791826e-11
gene-LOC117688890|LOC117688890	5.53559995873107			0.00024379187956116
