sample_id	run_accession	sample_accession	sample_alias	condition	phenotype_class	family	replicate	tissue	temp	library_layout	instrument_model	read_count
SS35-R2	SRR13482027	SAMN17269691	RAC-Cg-Methyl-Seq	SS	SS	35	2	gills	26-34'C	PAIRED	Illumina HiSeq 2000	62881856
SS35-R1	SRR13482028	SAMN17269691	RAC-Cg-Methyl-Seq	SS	SS	35	1	gills	26-34'C	PAIRED	Illumina HiSeq 2000	59575535
SS05-R3	SRR13482029	SAMN17269691	RAC-Cg-Methyl-Seq	SS	SS	05	3	gills	26-34'C	PAIRED	Illumina HiSeq 2000	60779896
RR59-R3	SRR13482030	SAMN17269691	RAC-Cg-Methyl-Seq	RR	RR	59	3	gills	26-34'C	PAIRED	Illumina HiSeq 2000	54173403
RR59-R2	SRR13482031	SAMN17269691	RAC-Cg-Methyl-Seq	RR	RR	59	2	gills	26-34'C	PAIRED	Illumina HiSeq 2000	64657824
SS05-R2	SRR13482032	SAMN17269691	RAC-Cg-Methyl-Seq	SS	SS	05	2	gills	26-34'C	PAIRED	Illumina HiSeq 2000	62707839
RR59-R1	SRR13482033	SAMN17269691	RAC-Cg-Methyl-Seq	RR	RR	59	1	gills	26-34'C	PAIRED	Illumina HiSeq 2000	72859227
RR52-R3	SRR13482034	SAMN17269691	RAC-Cg-Methyl-Seq	RR	RR	52	3	gills	26-34'C	PAIRED	Illumina HiSeq 2000	63065336
RR52-R2	SRR13482035	SAMN17269691	RAC-Cg-Methyl-Seq	RR	RR	52	2	gills	26-34'C	PAIRED	Illumina HiSeq 2000	54986647
RR52-R1	SRR13482036	SAMN17269691	RAC-Cg-Methyl-Seq	RR	RR	52	1	gills	26-34'C	PAIRED	Illumina HiSeq 2000	60125207
SS35-R3	SRR13482037	SAMN17269691	RAC-Cg-Methyl-Seq	SS	SS	35	3	gills	26-34'C	PAIRED	Illumina HiSeq 2000	59836967
SS05-R1	SRR13482038	SAMN17269691	RAC-Cg-Methyl-Seq	SS	SS	05	1	gills	26-34'C	PAIRED	Illumina HiSeq 2000	69631899
