gene_id	baseMean	log2FoldChange	lfcSE	stat	pvalue	padj
LOC105333935	3305.7	1.60	0.30	5.33	9.8e-08	0.0040
LOC105331241	845.1	-1.00	0.31	-3.23	0.0012	0.0300
LOC105330555	615.4	1.10	0.29	3.79	0.0002	0.0200
LOC105331890	588.9	-1.30	0.32	-4.06	4.9e-05	0.0100
LOC105329100	402.2	-1.50	0.30	-5.00	5.7e-07	0.0060
LOC105328990	701.0	1.70	0.29	5.86	4.6e-09	0.0020
LOC105332810	455.3	0.15	0.34	0.44	0.6600	0.7500
LOC105337010	290.6	-1.10	0.31	-3.55	0.0004	0.0200
LOC105337500	205.4	-1.80	0.33	-5.45	5.0e-08	0.0010
